classification_accuracy,gt_tmh_mm_mean,n,point_error_px_mean,pred_tmh_mm_mean,subset,tmh_mae_mm,tmh_mae_px
0.8795180722891566,0.22933594844494246,249,3.1261774743763895,0.22858877369944908,Colour1,0.017185019146352874,1.4779116465863453
0.8841698841698842,0.2897997665439526,259,2.708255162645249,0.2928526533177695,Colour2,0.021190625841788657,1.8223938223938223
