class,meaning,precision,recall,f1,support,tp,fp,fn
低泪河高度,可能存在泪液不足 / 干眼风险,0.8960396039603961,0.9526315789473684,0.923469387755102,190,181,21,9
正常泪河高度,泪河高度基本正常,0.792,0.7557251908396947,0.7734375000000001,131,99,26,32
较高泪河高度,泪河高度较高,0.9281767955801105,0.8983957219251337,0.9130434782608696,187,168,13,19
