dice,f1,iou,precision,recall,target
0.20095756151909938,0.20095754347641392,0.11206585002708358,0.9996196315140243,0.11218789246214418,point
0.8768723120493547,0.8768722625867637,0.7886081396308325,0.8552130940695617,0.9148208513651022,meniscus
0.8069373862586608,0.8069373368598356,0.682977944161893,0.8581754723613071,0.773996205531176,all
