accuracy,all_dice,correct,gt_tmh_mm_mean,macro_f1,macro_precision,macro_recall,meniscus_dice,meniscus_f1,meniscus_iou,meniscus_precision,meniscus_recall,n,point_dice,point_error_px_mean,point_error_px_median,pred_tmh_mm_mean,px_per_mm,scale_basis,scheme,scheme_name,split,tmh_mae_mm,tmh_mae_px,tmh_median_abs_error_mm,total,valid_tmh_n,weighted_f1
0.8818897637795275,0.8069373862586608,448,0.26016297381431963,0.8699834553386573,0.8720721331801689,0.868917497237399,0.8768723120493547,0.8768722625867637,0.7886081396308325,0.8552130940695617,0.9148208513651022,508,0.20095756151909938,2.9131029099307897,2.7498076979441306,0.26135323200878974,86.0,original_1360x1024,方案3,方案3_后处理强化,test,0.019227247756821053,1.6535433070866141,0.011627906976744186,508,508,0.8809421783627008
